wind_direction_true,wind_speed,wave_height,swell_direction,swell_height
339.9635033893288,5.060690335221817,1.1681914354440204,4.043745871060522,1.3593972543001527
240.00642452386154,8.870867689582193,0.5564709271666324,32.13167210400914,0.9520747876703324
269.91548737763947,9.192828965467642,2.3418181074550954,26.86686713340993,2.9931191647026965
69.85065911423206,7.583904015256575,0.8972448681893659,8.022266610793428,1.0724606953332034
270.10139883601505,7.8465123560856105,1.1548286997336303,34.046264771830195,0.9543895784265068
310.0191923381575,16.55412142674212,1.4659087306306922,27.085633189989927,2.0215954663972804
359.91780678868747,5.119169367075293,0.6445031445003617,17.982878744561972,4.032582835802972
269.9074201900574,8.884520881488172,1.8217201557730924,26.852837935593968,2.892609877267922
329.97183077849314,7.658678546273314,1.562024511083421,7.009021492772222,2.872653321283259
70.01609612707826,10.282629446127158,1.991364877879316,8.994333477733178,2.973796680567691
309.88696095157604,14.219497740350764,1.4906970399510762,1.834807625833855,2.0576216071550353
100.21390958532162,15.33185385105439,1.58013087120489,20.031354704352182,2.457946039613265
230.11662677696384,13.899596572648656,2.40087791056435,23.998105825873132,2.8878104375236124
149.9805661101998,9.323064387074911,0.5584543670435903,9.166233279443151,1.4803365231326115
140.07209823619502,16.948070453258158,4.527565324206888,11.904701674494083,4.505585891509157
320.00352761828754,10.305664289938496,1.5891402889229966,16.95228029904183,1.960990217023745
60.0362830352767,4.215522618925135,0.6449595837155554,4.989079536069439,0.48337259302029895
169.96429969268775,3.491814455695893,0.4224890245226979,3.9197442140374035,0.8972554549890779
310.0617917648586,16.49571023976007,1.5796335418398533,27.005748752341447,2.052878074927839
129.86987221920228,7.752970530209752,0.8709926768286067,7.8973022671254824,1.057666544603235
249.99168771980365,10.668988489756847,0.27741177381411036,37.95060835450743,1.0163535984357526
130.00876259924215,11.710908087110306,2.0167268844471375,9.019160540873864,2.2290837255520874
40.02890781599277,13.879521087898997,3.407078632766708,3.9815067758714964,3.6993387854597306
69.92187315658539,10.348752329391816,1.9387539866636572,9.087854394212544,3.0470438352827887
20.013039575651753,1.9300627674392945,0.3560936767190017,3.9536001200791926,1.0309055845029504
140.05664583186476,12.148133314215869,1.475710155384356,21.038752979135666,1.4908209325201032
179.87269592437022,10.346646299015346,3.079119662140153,9.92856366770227,2.040563569485758
360.01967923408887,4.080140787773179,0.5669214890112798,12.04377557534621,1.5346941680074124
199.94359894092582,15.268752045748052,1.8664180225803726,3.092443914666126,2.428967339617404
240.0083566336762,11.751416781688278,1.513204438294609,23.00128193259914,2.9785529003633022
269.87469237231164,3.6879795759345035,0.480031566085092,29.93082206730929,1.9964267181631468
319.9034751628947,8.72715825894673,0.9670773895082243,16.979215526412013,0.8783515198175607
140.00850751428837,6.408892031829401,0.33590211322515584,30.943080344809875,1.8908395674426497
190.15492171774426,10.775598371751503,1.1433254550364866,15.126261942062298,1.9501255231283152
69.95044330563402,4.50403215817825,0.5486212097776657,8.04244894006982,0.9682995387937202
110.17518560467835,5.102469942259077,1.0386970173172492,13.039116352912023,1.4970457221011761
50.128992259446164,7.740149239266839,0.9739168019294445,8.978467523366586,0.94585345811498
339.9427645686763,5.091018720777563,0.43259992379502665,27.047290095643795,1.0003738849820838
89.95604455809807,3.1021635480391723,0.34123978405750627,3.9625192924660686,0.5386725444959617
110.03824839651818,8.817837819836758,2.030817894668852,7.031461736482171,2.5765035857589416
309.9174527014616,16.385989748118213,1.4527677186773502,27.15612230981233,1.9808769031361309
269.7983272908395,10.74317251082558,1.0789160110836653,38.07245233973229,1.5383157691034102
219.95563140072184,14.453250792774298,2.4242802115182425,30.90572790586492,3.316439554377531
290.02579156861907,8.043781211013624,1.020038186980419,28.995096583067973,2.7274137465186703
29.899820871654114,9.193928317750151,3.3757116107221146,2.18762652778336,2.9417628801517512
239.93886059567097,6.242440790193164,0.4765159558079378,37.96560939685016,1.0548929632373223
199.9324905530421,4.96520282599106,0.6635953554786284,31.891394007107582,0.5670413682355903
140.04962632399202,2.4339438419844472,0.36437411245595286,38.06078920482655,1.3677048998589143
139.95920244847457,7.290371436629781,0.5378366497622017,14.035633093308498,1.9643501466194402
173.86042991429167,7.922227280975409,0.6077930951345376,26.9651151681479,0.8490315180916553
109.99819142043137,10.473223781353035,1.9571220013220219,11.984627783403035,2.01002370079644
250.14764735285212,10.225984510418376,0.8663005321122249,19.163063193521847,2.1458066102181577
30.13716013005556,12.880657569635426,3.0431273509648142,29.978024163049287,2.542101197344331
259.87535944215585,9.870721452058168,0.9537728046583467,25.027265366344107,1.9057107840367724
180.16576912662242,13.997497201671779,1.0900955866962903,15.992832950833645,4.930438978684209
220.01276003953055,9.644986962374086,0.49529324213833675,34.984348054875014,1.044559954397191
279.9409724693028,12.834252551320981,1.8761419550682816,27.860107734965933,2.560662774461944
230.02878330383626,8.074460727786864,0.33403940793625864,21.989023723840234,1.43616024268309
230.10366691095803,9.672518280322977,0.6419089783222858,2.0173395733776056,2.888676922042551
59.99892576482277,7.136258449522282,1.0877242741706794,8.892179858798496,1.594543162047401
89.87302428067409,7.766789919273403,2.099254299549944,28.970733994943146,3.0581104600480735
89.97002651538345,7.430577524520194,2.355726594247188,9.009773141946528,2.9539238659361935
100.12112688955598,10.761509466211848,1.5372146151980668,8.968877576324955,1.3247967068461175
20.04842814878159,4.135262511675627,0.008140583252377182,1.0788796015311712,0.9638497608096548
339.77301756403915,7.701388286332224,0.5401914568248432,0.9026418457427545,0.11225902205032633
200.10063237677434,4.103552570801413,0.4722476987327012,18.879794401644304,0.3789457706632111
139.8887233625814,7.3255790229298405,0.38842301629327486,14.167831154755836,1.818604166365903
110.14000392086467,13.947737851483756,2.505611469768463,5.0843606015875125,3.0404977785836755
29.733265617385353,9.227028525734168,3.4112897178260106,1.931484066754459,2.8035297168095554
310.124052076719,2.207866670270695,-0.1441801896161495,26.828141933622526,0.46616401749584596
239.8814187777439,5.0714595301363286,0.6136594996928946,34.07564372036623,3.49095809237423
70.03387603903862,10.699841569430966,1.4508874123668352,5.975373816644824,2.503372510525804
289.97532479041905,6.090573317336889,1.015353459485794,16.89885949725775,2.02058136987984
110.10065199641686,4.217223253609546,0.6854256890585725,12.06285645455062,0.3696737561879806
19.85978572474166,4.171134929542539,0.5605937856081762,6.098594123553111,0.47999750440569083
279.92549016827536,5.847722765785659,0.3488321206124053,17.99622216813342,2.3902891631781924
199.9972318334954,12.428391628788821,1.4212522237980811,17.002914072808647,1.8174361512537314
230.06846033003436,6.040977310019882,1.539634558835789,23.978140495189447,1.3938875481970727
70.06779359268673,7.6586022198291,0.8694301748882645,5.053046466192978,2.0105127099584075
40.08010132784347,7.602622784193504,0.5004872691174671,9.013010809752105,1.0725928774075235
90.02338145682398,7.547272280517935,0.8969268446671236,7.911950643468669,1.6153633905402716
180.04168495854032,7.780148441576308,0.45611316401990193,25.06702018499776,0.3870512727166231
39.94167399181891,14.902259873997108,3.411286859966394,5.114991574094338,3.514415447466421
289.7343406269143,21.542167263376715,2.614270532812453,20.841058405928084,3.896912293992333
130.0249958245235,2.9528544224329627,0.7571799287809156,22.07651075618555,0.5345258304885292
160.04837907102626,14.459153067116391,2.4195608173145797,3.920388051685801,2.431752197962712
100.0187717630041,11.323672806895585,0.877324962526062,9.001244184595135,1.476597716815278
300.0067013360121,14.343790228759758,2.959735483343816,29.919561517361615,3.093289335998336
350.0471057255962,7.815355417278141,1.1150206909765539,22.023684510106925,1.6934216700002986
120.03206148939068,10.270193116182032,1.0035705467471059,12.953921091524057,1.0932556998526635
140.17374851471268,2.693964766530887,0.4937184415958459,19.005817888038884,1.478100902233105
60.01987392749216,10.911788168472134,0.37506481191532814,4.08678735677721,2.755724695916933
200.14998478743044,4.203166219403735,0.48006128888675725,18.999574414890397,0.4868841151878226
69.83528288076185,4.639251772659474,0.36760101986407956,8.085503795527325,0.8855898293535291
200.00527534730307,12.416695127540915,2.540833956427676,29.857583620235022,1.9077646431086168
20.03919786554951,20.530263637048627,2.042839092739992,12.92679279502642,2.3575290441327765
39.99113446826112,11.645160792046347,0.9335055678637808,3.0264236577419203,1.0026656956555933
69.85727519693923,6.791252099055175,0.5399556139429234,7.0824772055999325,1.505596899952969
220.02052056480605,3.6623663680955985,0.5208827407459657,27.897912059139095,1.2601617883259169
200.0565771163706,12.328217661423722,2.4589455483416205,29.935677644802382,1.8400440272337149
9.897006011087852,7.058983458924397,0.5471029149494591,5.1140756880581755,0.49885887843464366
290.1175176494951,7.107880014138115,1.3956010052323355,29.913631926405564,1.4547316671338433
169.9841382264944,5.0710870908975805,1.099923323928028,12.920780483941408,1.5933937301259655
329.9735511073613,7.151583170356601,2.0464968013958407,31.051027321018946,1.9045030386852837
120.0742753082543,12.812970141047513,2.5464091852151367,30.065330069414063,3.494457430849569
50.08622917468835,8.144539955823522,1.9249359482036117,4.196873120579603,1.991984267249669
270.1806599105044,11.914843726869444,2.1733651173109694,24.933375835835314,2.433153969145728
160.08216032840275,8.632009828642776,1.419924117861936,7.023049288819883,2.911192914012357
269.89417760272295,13.049389564641205,1.4024245186796498,28.949620535016827,2.4620650774346675
89.92487198326012,7.008962953950295,1.0228307001266514,7.049118756932878,1.636403892768719
100.16654270599392,8.242929610093434,1.400757525844369,10.866308141422381,0.9921833827257032
99.86586101010955,11.783407032138232,2.0089628737006593,28.999362527990186,2.492723747623997
139.9105547443791,10.165051123763083,1.036906061250704,21.072711356450792,1.457161383326691
69.91829810347772,7.216030691395612,1.6617427795682604,32.13782996026408,1.9225649317437112
79.95263933693433,7.559215142392314,1.4813572948801157,5.973058524701492,1.243189185002777
290.24990058057233,3.1005511610794394,1.0848281555459232,32.10249627389721,0.8392597040018926
120.04777986373092,10.296805814158823,1.029648604130617,12.944595777184587,1.008967003401468
20.02701337128362,20.644254191096795,2.1623742735818063,12.755857391116704,2.5305537501555393
109.78285460665423,2.597342835901389,-0.10100253036903727,23.072523613022383,0.18504316305801247
230.1282533384262,8.26997264200028,1.1340827885225586,24.978389335214892,0.9336841847127586
180.06211912275091,8.705014567723927,1.0146762620906506,16.143967757069735,0.9049286145303002
179.91135375984493,7.3239975977791785,0.4270902211406135,12.1209825855995,1.4816234857515256
49.87873991898571,9.883199386140669,0.9683255509228831,5.090103513925343,0.9711557797855737
90.11627395815466,10.276772247288518,1.9391757119796678,6.0396731010528555,2.104562296213623
59.97853784850106,6.145582398499453,1.012229467261876,7.043385000300832,1.4362244906762218
229.93504475048962,6.425150068293368,1.4039208973114445,23.873056205601014,1.4232382595000606
349.92660987189095,7.798085263972126,0.49100280147974035,0.9884405933793227,1.919796210031412
319.8939805870619,8.601561209961204,0.9157229014866584,17.040757854553405,0.9081040623216277
10.00576427635554,3.1941245049948863,0.013581440347632596,11.07543406482528,0.4678432453695326
129.94364514603615,9.339294473716615,1.5094291201620622,12.025874061931345,2.0049679835507903
360.06010887694237,6.097184156291836,0.428387590925407,9.871790504656971,1.5071707515231811
140.03980358741507,7.055838597631641,0.5033155568709896,14.079986642405057,1.9685408569386131
40.00601509695002,14.732041849857056,3.6504826715258,4.857320189116924,3.404120817230572
89.79676328920146,7.364693432651942,0.856184293281935,7.003575676297129,1.4371498708966326
129.88666694421067,4.979697908982533,0.4887393955394947,23.05472633172445,0.4595480993964752
360.15935024176395,6.0970694421066165,0.4002265115809003,9.886663246188052,1.6378746443305217
319.91770831063025,10.449599338009882,1.6768271833072765,17.06989033533161,1.9050556240510836
209.93868980370996,5.824143528544114,1.139186856860363,20.99150142723985,1.1718795181062218
80.11106857766423,6.241574491466287,0.9608734488673121,5.109982911107885,1.2622200086457485
90.11936426346827,7.673430705560092,2.3917384557467933,8.977733773007383,2.954056230594082
220.06236836308858,7.367002775485306,1.1046989027012197,33.15214071289279,3.9012802677105474
269.9417534627884,9.266011879048982,2.407005979869901,26.928934502281216,2.8506839080640805
350.21431484365235,7.629312842882187,0.3932652607080316,28.90056619138908,1.2228845074904766
49.882058454377535,11.35734477323166,1.0137912543937124,4.955210167916781,1.5127007861082016
119.96782745272348,3.012963392985449,1.460537745154137,33.95419675773671,2.064217740154785
200.0277577556909,12.260232532628647,1.522597797963727,16.90725850977844,2.1022500506639226
270.0127167382715,9.22281538278067,2.59988611311534,26.99655468717395,3.1564557046505355
290.249315028043,21.422242120450136,2.72655103128999,20.97037544502457,4.058021578323321
210.19015437583022,7.897762419017043,0.2817529829254424,8.98206387243198,1.0559133879640672
139.93781702764483,7.738323332331461,0.4051543979867983,28.80023170397652,0.5284948746914613
79.91831612768759,10.010213643615296,1.5290627977851932,35.939400751137455,0.9796991578810642
350.08447631034693,0.6401323488513271,-0.0005317711554832024,14.034609369375344,0.43209203619631287
340.0405450994044,13.013874680236324,1.4758585279894,1.9392541807021115,0.9209581447304914
349.94270281518783,0.3595871816398071,-0.07998488875814146,13.992461412278855,0.46603104717205623
50.114747705274304,4.068906021006593,0.47294804053069894,13.99810488717391,0.49190084234270376
19.838223743932193,15.34316812313134,3.563929614531748,6.946807012597437,2.879181918894137
89.87154696237047,6.0503924118886,0.9623450065443908,37.9942996317585,1.680647466840485
39.99999296184384,6.449912822540263,0.8906873179807394,3.1724002876941353,1.5095186886603318
99.98573025241558,9.232018889312487,1.2076505467651404,15.830367006443584,1.8743298716469607
320.0533636351902,10.301373116301804,1.560092013948924,17.120176659082297,2.068730622137712
140.03362367679853,3.7844508068446117,0.3012149930903434,6.9853051673744675,1.061049344505829
160.00460284332237,6.9945991737805,0.5608714458350738,12.950421666564981,0.5566748317782528
269.99842925432506,9.488900901779525,2.5335710976207273,8.027498461313721,2.924868616935684
289.95780126208086,10.238343492533918,0.9085963975301783,32.938969253379774,2.963169421019289
200.05352982807722,8.280122353387874,0.5807295930882126,22.06123712559906,1.049176522875648
139.86898553575443,6.287026738618106,0.329843665550072,30.88850764156751,1.9213690397524419
350.1942359295628,7.6030895600975805,0.9578803672387148,23.121382851993708,2.562588423353039
279.907229758533,25.72998181521258,3.074137802202671,27.965979649003373,2.9611141788144244
100.06630246708976,3.779148427474615,0.40086402800818705,27.02791209281351,0.48611983717268037
89.84802567648617,5.68850801506332,0.5129183974986731,9.98079787069892,1.570932538867697
100.04598512566429,3.1801351467718733,0.02478298199266296,3.9974625320259505,0.8723544785375639
49.78731633235432,11.273196172765527,2.049610259731549,14.054073818196118,1.9632092218801571
239.78781357480136,5.026627701914901,0.5577469166844699,34.18425733787904,3.5437589371082217
19.86190357883609,8.401900860124085,1.6044825767495405,4.929746418558024,1.9495284899282843
70.10220481637526,10.95254630432412,1.5290981426135193,6.164735860551344,2.485532187099274
100.04293480314256,9.347934661225624,1.1151173257844902,16.072786929104463,1.9849006170248182
90.03662318340666,6.208463252496805,0.5667890497596427,10.993057610101928,1.7274100475474548
249.99732961608046,4.967989341457047,1.6079765162993889,29.96601314855483,1.9193648997864123
89.9328827310155,5.808114392638561,0.6588833415396873,9.994560623773916,1.3121437723246305
140.17871123410268,7.212447354190229,0.9477570159418913,11.0523258122064,2.4376337763767286
269.8521838546498,4.617666535106667,-0.0615093684483049,27.90588191901229,0.5561659943382715
249.9373030601564,9.36845804026935,1.0073530762079959,21.102980012028677,2.1102125195676256
89.96006849008107,6.599078116733193,1.0409311117215538,26.872169035270808,0.9017014353827806
249.90731052429604,9.386189223834819,1.5417022006539074,24.119867726345774,1.9043186489280015
300.0194117334405,6.662924963700146,0.9587354816607294,21.21864825598143,0.9431792011295859
89.98740854782938,12.746236963470384,1.5742475515436676,8.85165302574012,1.9182472396318166
19.899031748889968,15.423870455244344,3.5050175524410987,7.01649216575035,3.361714008748627
320.140684891418,8.72172075461456,0.9629267351664386,17.199640463051598,0.9434368425175723
160.0043995939992,14.389694137367592,2.5379786870202197,3.949388668532656,2.3988771654107413
220.0780734833183,9.315539270253169,1.6745312849986702,19.898798243761167,1.9955369790947766
260.0188701421126,6.069571195821264,0.8899524252632656,31.995944041002325,2.4841912004799482
219.85029730695774,3.7289604890472923,0.41953903951620025,27.838790401395173,1.6298294078466822
110.03619785639694,8.894838778808587,1.9958040714784755,7.0258555601479005,2.5470045389590856
280.0067644019443,15.390014113468867,1.7349926230896346,36.10708398493213,1.509139446828997
179.96246196605784,9.668826970249954,2.0815892368076843,22.114143983593408,2.396853223427735
174.12594354948354,8.079506598449308,3.929405899816982,3.0491153865330634,2.991981440524798
229.75353981619057,13.324194684831161,1.4281310174266761,28.002443113157852,3.27194495899443
319.8946178166344,9.17716273590798,0.9208668468441816,29.141998315235124,1.4639565120850762
179.9833021248748,2.0899006421392903,-0.035891966287598595,14.020853753770968,0.5178414342691334
339.8946467860005,7.744335701222748,0.5181802397978693,1.0434003067959166,-0.05160481131968379
70.02125912540063,7.318613518030177,0.569106468440394,3.9800533763021066,0.9616923857029279
219.95057987910295,9.707839423528856,0.6872756313123295,34.84852808977359,1.059533896684621
279.83108289319773,15.507017278979916,1.9141350165641748,35.904819358386256,1.5685100823310634
349.9038604984396,5.529020773716936,0.06186801368202204,7.035766008222326,0.4739592947602629
220.1568237636335,9.901661049456807,0.48421790086655714,35.08310133169482,1.0651434006908724
29.845702118766418,9.401882098115738,3.4220168871547876,2.0090536525289644,2.9072332200923503
229.9278433637749,17.530789925833396,1.959607772651024,15.950123611478116,3.173404247496696
99.97578058055801,8.212537611915531,1.5927138989022673,10.981908328472633,0.9865241535078786
229.8426997651521,15.113719189466968,0.960482177358742,19.9864202650739,1.301100970361384
260.09273807979247,12.876511040651463,1.8188625572898693,20.840681220099228,1.9663428792122122
270.06995805364284,10.672764527134127,1.041651881589882,38.012919700969185,1.6364605440560094
20.06626860145717,1.9858675965165073,0.4532805213304242,3.8704061210882688,0.9879298962353604
300.16129244461933,6.728084219083996,1.0371437187409118,21.108068429900385,1.0907848658867327
300.02432667493906,11.334312615296627,0.9106832366163445,28.97081856179893,0.9280678908480751
20.115239710181037,5.196812657226011,0.47918314008200424,5.829219168921159,0.5629430198029339
340.0364354256755,5.212915235348753,0.5384481188791486,4.073500305405043,1.433578714055628
259.9374454721362,15.56451793814521,2.578845811655795,27.06001423407902,4.975771607529494
79.96801999939363,13.470889466354421,3.0155453683692337,7.979859208453352,2.469906899509566
349.7735558474844,15.577489731843585,0.9818536677043982,34.0256026133452,2.9679651455175744
90.09448368183632,7.799468144933366,0.8488977213945555,7.970409339344054,1.645962465444907
10.078367391417265,7.5719310343844395,0.893599906624555,4.7397604748878095,2.9972111540578337
119.72301303586205,2.516116807823586,-0.06812095623689689,9.162000033559382,0.6488105866876536
290.0391727293489,22.04565703250134,2.8739532616219083,23.85897599104488,1.9846085478807731
280.0856071069793,2.5746519533147803,0.6035904930172048,17.919158145285735,0.5470949515552505
20.100877129522285,5.170731324661978,0.33153274197001464,37.97543676348694,2.0081523697976986
9.846753850204617,7.096679143055903,0.4618512757744253,4.928727536596491,0.46057969801582105
130.02723849639656,11.396394292219089,3.4590547142315153,18.098269430171726,2.7251035255327327
200.00881460248317,2.4624966305211755,0.4082464798744685,16.95377726800024,1.495485660751228
310.0580151093098,16.625069845439377,1.6283693982733887,26.91795796139807,1.8994278068295833
159.98689242754295,6.6614494727058835,1.0136842715344245,33.14700128134245,4.202129856584284
249.9939248753189,14.980957485639687,2.0298061457730894,25.115633908889283,3.9318278500690713
219.98192448220274,2.7028101988008677,-0.08329130996519023,11.974092500960094,0.9135427485704323
270.0343791080763,3.6509596289626685,0.5903929427052279,30.003655446686416,2.040062663643153
50.01200590611644,10.659261564911674,2.894580769405576,5.11182992840191,2.746157634310317
339.8082697184283,5.114054851070219,0.5138756998417444,3.9827726280410762,1.5359455174519943
140.0784441702188,17.064224965400715,4.514063613295105,11.965252706758475,4.634989042304628
349.95237949003115,0.44876129365405726,-0.19334525978887418,14.003718338440251,0.563001980186562
340.0450086343447,5.060942424963607,0.38433359350667157,4.051582842712125,1.4361453199707692
249.9590114453927,5.113453893961498,1.5102027916925218,30.0050125113278,1.9277156662156045
339.9781192741616,4.101732091568401,0.6224201243670309,4.813383099994687,0.6240780539834694
289.9235081089558,5.016521450561662,2.010188499149419,26.978650435596865,2.9430010674062457
229.95466879472085,1.938512332588103,-0.003063957677441148,3.0354786703966536,1.1670827489449591
300.13150418539203,12.890453463795202,2.85724003054247,29.96719880780942,3.830779467758398
199.94061392015138,7.009405988667392,2.9488128301653065,18.02337489738155,3.3212909579002967
50.007227659228306,3.5188606295835423,0.4461361951236431,37.872955233169904,1.3201418512333702
229.9209542991737,5.594471438847706,1.0370322490287658,24.04804713493502,1.02604986615757
359.9570401670832,8.740399984094,0.9393503024430757,18.14239096386619,1.0759958844919428
350.1539547684665,7.697249696496504,0.8518307237720546,22.879802786984275,2.440546022032984
90.22355058549326,2.6239677526606195,1.068099957135171,7.010607422415048,2.5337686710480525
49.98885124352403,10.00215180517163,1.5095265708792827,2.038269448193574,2.661322960336542
10.013489464649508,16.48664936062526,0.9840209959801672,2.2799211164858364,1.8723839605084809
220.01625103374386,9.957186979065753,0.565474768262207,35.21392475363707,0.9316979483130896
79.9835588309228,10.295216856907958,1.5470708847786436,35.84595670404814,0.792925161547219
299.9666202884435,11.254706412545096,1.2055116727655648,29.043033374038515,0.9401153128860305
279.9445121397955,15.416310724070549,1.5172476228524174,24.09958985423904,2.177543479376996
140.05026023528637,10.321735631204138,0.9999440588770242,20.88934158700086,1.4272302265556374
300.1003486557227,17.41151951096033,3.122022881238873,32.05089622160121,3.0507772084619353
9.956678723583142,10.087759560233279,1.5283887529852014,0.9541889911803266,1.4816669406805265
159.917869053058,6.684238282609252,1.423257483502277,6.033658528736991,2.8076829899886957
210.03579225752094,19.11589109774678,4.555092008152677,22.968103439582812,4.355239064468569
260.02960037149865,9.795249869223586,1.0400853976034132,25.185345335481642,2.083449913703046
9.847960857484871,7.7593685515854816,0.9372645006109688,4.924373531166232,3.055894950284254
330.34133142930483,7.487874213365623,0.29602596775809475,31.970216416112937,1.4671720301811113
270.110435028446,3.673831506292106,0.3050508582067056,29.94813312033047,1.9396718396796224
140.0136462597856,7.194753906381932,0.874011940408119,10.998152924071377,2.5029742436452644
50.1115156960436,7.781914133505861,0.8765969669771853,9.15156493844116,0.914094227813905
173.9197272668335,7.860047523974412,1.7968453938881437,14.797244131499935,2.098413914602142
70.01482031517189,7.196079843349788,1.098468143166834,14.027539424894297,2.1673532873363297
220.13774730325585,10.27501380489675,1.1128913561378988,23.78879932046924,0.9105900867808615
89.9322245821751,15.39041741075746,0.7664829387545613,16.153405063916225,2.6519011197215603
9.806524037012867,7.67023774949612,0.8637242145855915,4.994146418363203,3.0304465532040026
250.1068979595142,7.868455914286383,2.3922920537596273,24.053047521602128,2.38086185643708
59.88468132704926,4.165399805586357,0.44708758964519046,4.967255201445478,0.47605128232340316
180.1051018736277,6.317530771438636,1.025009535655844,17.978224822565053,2.1208674755272208
69.85241007130625,8.200761537984642,1.156818008266953,8.715343783973674,1.4353722855940254
69.88977778519836,10.796283007722211,1.6355006378676418,5.991578404619553,2.5938684695266327
330.0176376191657,7.592397707468493,1.286688222601925,7.036377560461972,3.011285762420457
270.0482099191502,8.728585940907653,1.8570452787243523,27.014805749378503,3.03494447681335
279.8955336848873,4.657201574125312,0.9574755377708966,13.020524960962259,1.0537571048317806
20.132384332218336,11.366721014834104,1.1260989882599088,35.09316305494762,2.037154119605806
219.96456057440278,7.2058631880939705,0.9069111274203552,37.9105234367132,1.5466561950220035
70.06633862481272,2.5784115982149185,1.9666606050945692,2.1144663227677505,2.092514839790366
260.07471443726973,15.30870798886477,2.463098782023207,26.990665896782488,4.966460122384894
170.17743509728007,2.4992919840156884,0.7041014563701963,16.963847904421826,0.4280845235200109
180.02641636727657,17.485898458836136,2.5395513796875835,4.183780200901666,3.1074443037516106
249.87982640995847,9.68777495612766,2.4668442351588937,27.15642320152683,2.4910841372472476
90.02191425205028,11.884578656223715,2.4151782944661635,9.059611625939235,2.491053802366797
89.94860671781338,9.77152599415712,0.8961032592244476,9.091288897368104,1.7593586651095354
70.24010325290189,7.240476253753143,0.3564896408387534,3.9621230679019424,1.1603645614317804
239.96456286879732,5.733257324005409,0.4491520980798879,33.014321293210934,1.3448862206942633
179.9319321155681,5.840179697412538,0.6108459396518165,31.186449529819527,1.4151483851850093
119.9124092074814,8.127147231211666,0.5809271855939326,13.107189801025,0.5973276683441591
139.85237429725132,7.676566397857432,1.5235117385206791,13.851830423744516,1.7664114568376212
230.0228014423624,5.673243824470147,1.0965166087297802,24.020395829896795,0.821494675144138
69.98232088439907,7.114141966223659,0.9863229001914555,13.856767780319831,1.9511807760672895
190.07783611071707,5.012302630904377,0.4979152402309673,11.003526184772346,1.4368999979168906
50.16292267866385,11.364224789174498,0.8757670764117529,4.9328574351903915,1.5360852665386542
290.00412564442627,19.514138452226046,4.051926752192135,23.91821063142411,1.4738480669882925
109.9093655200788,13.843041331961809,2.428369481891224,5.264815729031628,2.870676424657348
90.23746952264136,6.724271674325972,1.0597808018087869,27.081390056486182,0.8099018429823382
190.0611985092631,9.39435707385108,3.221189497044529,19.071189910706135,3.0268382069816653
160.1309874895601,6.266079435336365,1.167745811998012,24.990251511153897,1.3674143146239726
289.9433571169125,4.932588908194959,1.8966479188237235,26.964583975062926,3.087774088974416
49.91675088230189,9.845753231464373,0.8355080871013487,5.005595504668248,1.0077928918206416
90.04645192168188,9.310581697633541,0.8374021119281388,7.021513403819713,1.1730628191176982
19.9439434590617,4.095616659480064,0.5845943238881207,5.8230566860925075,0.4307742882631882
90.13473856255823,5.778154980024049,0.48197645862181077,10.046391524500232,1.3961283353997938
339.913451454799,4.992515479713049,1.0993089855951483,4.078336403872847,1.30469791262875
189.9638084385283,19.86284726447021,1.619673422921041,28.10587822354395,1.0502157757593649
49.83300965443871,3.985814382721,0.590059395336872,14.029924329921377,0.4037059814696894
174.01119862587112,8.001694441597376,2.0277690845480256,15.072113051806472,1.9617475098703143
290.03536304101533,11.296054880896476,2.969018724841799,28.103944678915294,4.970248650348521
80.09118490336635,9.400278830573018,1.5961254599215242,9.084403605221059,1.8091851823879108
50.09965912657131,3.570215131187283,0.36920270585515313,38.10700784257554,1.6384184928968446
350.02049692850716,4.973972954315224,0.6033412109894464,10.11074292346039,1.4907321742400332
90.00048037788639,9.819134469141035,0.938107649451951,8.830109217046306,2.0568399226098206
249.88832928294008,9.977468654037025,2.611134469851693,26.96155110539621,2.627177023523329
120.10475145510317,2.788916800073656,0.055446637045246765,9.065372519410822,0.4379768049406828
50.20576954292992,8.244178352021127,0.5520449601714862,4.000898646384809,1.570131059108029
269.95715892249814,7.522889509548332,1.459440711240714,22.94802551729025,1.6371949570044861
319.8800022720187,3.1036874445142923,0.4852200854012804,17.995487652945187,1.49510831433073
120.07265197107532,10.238933927285041,1.0914002215704388,24.75424865000441,1.3471914358269053
330.08689364069136,13.892889119453864,3.4986772391468275,35.09911574567453,3.8295905185019485
349.9453445736357,10.821698896405124,1.8662658986882033,3.112927574946953,2.124593361818414
169.97981440952677,7.324641905455566,0.6001676113770098,13.948274442884184,1.1536255948608305
310.07221179176287,13.850832037798725,3.033567002287727,1.0308808873900364,2.624549790939518
349.7852087189011,5.852292355103287,7.679911207881486e-05,7.059530626525375,0.6016088078542614
309.8852173140997,5.1047225831438805,0.862127247863073,22.138313618848997,1.5087065877074097
360.29298645783814,11.893539138990274,1.0829503698940566,24.06081875163507,1.929919069321097
320.01409683345497,5.218002766354973,0.3980895398423621,21.28228663271761,1.879388539964063
220.10970655252012,7.680922611396807,0.4041229986877244,22.062958643718424,1.0162039387083641
110.01876253015304,11.219990728494691,1.4948683897284076,9.988228510566028,2.075188989878875
9.975272028339193,3.0319943403559773,0.008043620315579036,10.950165737050968,0.6349600146658719
179.93258063501105,7.436332803577021,0.5489440242494297,12.075052038491913,1.4504666238856434
90.08109983846849,11.810827246199553,2.419944652252574,8.892182173809031,2.4105370469011143
49.93089965710653,13.404913674317546,3.036581925984798,4.010386230032177,3.437266354888955
199.77362234434733,3.9627353821710516,0.4783757418117958,19.111920122573927,0.443553683822568
49.841703149105676,4.157396578040096,0.6315024058245564,14.151789407909334,0.5097897855376721
239.98198205554178,11.809421049424865,1.3034603226707238,23.17005617083394,2.934086030748724
199.91245177722334,4.324697271466065,0.5534506573670823,20.856485568717012,0.8472018481145526
280.0695220390392,11.419149037336096,1.448056847082052,26.94682676299796,2.403154810743995
300.2096922320389,10.964844349896966,2.9917259186801046,27.103228529435157,4.889928654015163
199.89338499127288,3.5936449028113056,0.5799815389945928,17.968152571964577,0.9651321584236613
59.978916220812025,2.535923373649078,0.4672185368749095,31.97732721516494,0.992640392273788
229.94402040026148,7.493699453277235,1.152875382119265,24.037160814329287,0.58863286916554
180.01555981281143,5.63965202935532,0.44713603704083604,31.007536514167708,1.4977858649559435
359.9502839530971,9.088974062480219,2.0187423326466725,36.0234805391996,2.040224448123322
189.78855237249252,6.291213256829761,0.431676514104566,17.990796619713315,1.0708205592404467
329.9976514486066,7.272202780812744,2.124279468202222,31.087042410780743,1.9082403061929822
70.03578217588007,7.004236892781907,0.9979593385838493,14.054232293094387,1.8880272016338433
90.08810672865593,9.979744115033585,1.0672682856998064,9.10916555042276,1.8973624090982244
259.948512250483,5.196507059304802,1.075775178052211,19.81629487445895,2.494389694966701
260.0148427660404,13.105780206836657,3.0216155240665112,25.91481905253633,2.841250320656348
169.98601946290518,2.5412260677684495,0.5568344173778248,16.822703946358295,0.3835587797882135
350.0643787630939,5.705076147207251,0.04532530276603768,6.930960556132822,0.6101481071199538
209.96715039092123,7.398492448715297,0.584366455924838,27.99764117180616,1.906241157088043
299.9547993986832,6.673561963954971,1.0288466116896502,20.971292303880414,0.9194865673761818
259.9118818267369,5.152302340310654,1.0550160388072614,19.89924714528286,2.5492734690508345
129.97890836662023,8.69106394473908,1.1039404981200795,9.955769917582387,2.1170100224972477
160.01967665996307,14.240776846981554,1.5385362648667362,17.847333296217766,1.5829531992454644
90.0682003893375,5.584946231216054,0.9419912854322446,7.981306633474927,1.1145524073192818
200.11770416919225,3.604188141340164,0.4145968418443273,0.9902085483872893,0.5475243548976073
310.06843363071636,13.856014253873498,2.936427704780745,1.099770780914409,2.4292574140211576
19.933872840699507,8.04005751801071,1.3932037155789851,4.773403928203211,2.0149934477093323
219.88340424964994,7.732684881720956,0.4298860601759617,22.03262102898018,0.7671358729742773
230.05665205777834,7.219019803617181,0.7377426471293986,19.886100164162144,0.4979269792656286
329.9781544439475,3.0285665149891496,-0.009587629128795698,2.082384958785443,1.5987009343243312
20.103241336811028,4.101458277720194,-0.11934318324454972,0.9837387731988161,1.0581089380147555
39.81289000336038,9.86375170245714,0.9874193509879826,24.74921127678232,1.1086840234489557
59.98765520482765,4.010268145418506,0.6007652032346922,4.918630533133563,0.6381231551172373
90.02872389054271,7.214197422538761,0.9607112155856896,7.009726719091875,1.4408678225336997
230.09458453328256,8.115697292241352,1.1424186973458117,25.02144363313293,1.0489292075163454
299.7168279045125,11.391615347264608,1.2709647575127931,29.017662005600375,0.9850216930016117
173.8784608527425,7.9863937694712845,4.002350235170604,3.170973952198444,2.8826405008417546
319.9827931430899,8.74484114990794,1.0275195349278672,17.04213900160957,0.9436388090826516
110.03042274003803,10.303060620637204,1.9251894558810327,12.045744192983584,2.1391316583523663
269.9456043606849,12.971275123100574,1.610863748097195,28.867962917212655,2.511300851116687
69.9681168176517,7.69428271692214,0.9371387168765614,7.981800474178007,1.1309055231256626
29.877635754281098,9.434962651294292,3.666358348950642,1.9268593785414763,2.837351758053255
259.8124793239526,12.900869649487731,2.8425413954661014,25.909515747786582,3.188511161492451
50.093970123595795,13.27295635727789,1.9029204096958883,36.05930167375928,0.4174422402898221
60.09105225444343,9.98848398956418,1.3996184661582378,10.885213245198806,2.9616703185198316
89.91993436736784,6.089888381424349,0.5134200942168361,5.207531382902352,1.6245761730696964
10.161286871432395,3.103231762006211,-0.10472810761138295,11.082870086452383,0.3709451243713645
139.96291689907795,10.148061086273596,0.992623570728278,10.96985182549497,2.9742945377131558
360.06564901398536,12.90143969079704,1.8476424711998014,36.13514091970646,2.9784388180358428
174.00799592791978,8.045406450551585,2.9221909667940884,5.807113305283107,2.9605543662380613
360.1055896266097,9.858195605721965,1.386446631836772,18.884009482874742,2.0323928355953456
289.95923560483294,10.66033918350249,1.9059388958270576,26.01695607499377,2.345214042944138
230.01418897206324,14.93203537752798,0.9212679463771768,20.021492670049383,1.55139808388037
230.00864309966204,9.951272354513005,0.329811787942876,1.971210815358826,3.066642139468449
280.01469578760003,15.316746828023161,1.351150492278125,24.166299675717067,1.9158548266736457
40.111170444148925,11.850871323182007,0.8922678684839707,3.021359041918489,1.0905067403509132
340.1021467505012,5.058178893770756,0.5211405993893475,27.084158737083502,0.9476722370356285
39.974478168353315,13.985668213848072,3.484314242631129,3.9744441062311147,3.532623576972453
199.82887084721716,8.04588864033855,1.0038802407738758,17.924603197989796,1.3667789982513232
50.004681486702516,3.69259033355329,0.6853982254157899,38.08950349866813,1.340836668311066
189.74291067488213,4.09406805099609,1.093661947949976,6.957592067128882,1.7352384852748786
229.9620801425292,7.317182845041196,0.6073302346511238,20.04100625191796,0.637966511080919
19.961331973972822,4.172937850772699,0.6521281201088925,31.87029017355678,0.6026778202389326
50.044253323171596,3.1232301870629287,0.14672075753924296,33.895835887226994,0.960937947796479
174.03083649138517,8.052934780395473,0.8069755274542603,5.016231341574929,1.9415495420824684
199.8524673632646,12.2291448408464,2.467269739987259,30.078314254566635,2.031348540732955
40.02539329049003,11.610863742623906,1.8879477948091148,2.9360752384471147,2.054638375835388
139.96274137003545,7.057480732832837,2.0720757089844177,8.847696392486643,1.035754804258564
29.920083956250917,4.809588088913521,0.5165088708217919,20.87341328763229,0.46076568601828055
180.0904281829335,17.539030705272225,2.6177069264411457,4.176103451407477,3.0065754611369497
289.864639696087,19.343885244256825,3.810621648779328,24.09515455256911,1.659335725805248
279.89858174188396,19.13031122378487,1.660997780050507,30.98782592542555,2.565240806053523
10.016567962591324,8.191826848766505,0.8593523135015613,33.00718335452663,1.9496377972218901
99.98336958785166,10.945765375385038,1.4944577185500523,8.996385014206178,0.7914342963537268
80.13853097662538,9.853750525574561,2.7276741331904653,20.99900045436724,2.4850449912545978
199.98665626436437,2.5550460221341753,0.36307019226217035,16.951015554962414,1.646827515862724
349.77619175073505,0.43250252920841314,0.05841580337402075,14.076422489304042,0.45247305003271604
69.926174077533,6.694515981404712,0.5600713721112596,7.210133845519055,1.387090074438173
219.97596526117232,14.343858249103734,2.695951194524494,30.97219067905778,3.495078126972911
249.96350922626536,6.064596229908622,1.0242266394820179,19.856660714505594,1.6322805446760003
240.04531168297024,3.524795668923292,0.5660232883870465,30.00000806389105,1.9433659079680798
120.00610093135619,11.224480793734811,0.9894424266231973,11.939495686103808,2.025478636860731
90.02724775623639,3.530222261053166,0.9644287430447906,35.91564727822517,1.4437103452488957
220.00817367197527,7.536030707704473,1.1148192134401285,37.929337624111156,1.3748052280448022
50.17235482494029,13.569186421983858,2.2620771726013276,35.81346096274172,0.40507063392028797
19.863392366034493,3.7166289621217232,1.649266624509821,2.9246222985918404,3.0554562350964285
200.02716779349072,5.275230754377651,0.46717901740236134,16.117360604057883,1.0427712308442458
239.86506967023107,8.576712517799864,0.44903778509982883,32.014160235132486,1.2299097246690778
100.01247751284731,13.89253727816792,1.9455021369177392,10.853529484664957,1.9898123400413508
89.88854042086788,9.865634378665733,1.1334395394448247,9.090724610304438,2.13565088953146
350.0546789341153,16.92948585855441,2.8630052710870504,35.05721293122093,5.035792647799377
60.00194930071086,7.1739900283396665,0.8203345634929995,8.998159894373469,1.5401517638078959
279.90583890777117,7.847911042031647,0.5249538594705812,14.931250261478107,1.9800708365136237
200.10878810522058,4.529179481798572,0.5448973458866117,21.014908590173896,0.9574117741593778
229.9613575814948,17.38240896261182,2.0047848927885954,15.920474270266025,2.9901525215238625
90.01779337976272,7.719951363684862,1.0367534770544937,14.954594218054423,2.0104980095885647
70.05207947405381,7.133906138939621,0.5308347566497083,4.032829961289208,0.9648348641472668
199.89897819115544,5.172046248185088,0.5371606251281358,31.906647064263947,0.3657690528354288
20.164776901494132,8.17737986623683,1.487913731991466,4.955943222162529,2.0957792314226484
100.13818227253599,15.418212029228489,1.5183250152677887,20.166814923113034,2.5614803519201885
229.89977349430356,19.431518364843573,3.080806557102736,37.95792672115294,0.8032075040865483
50.33616330251058,9.394174873409579,3.9438831602270383,5.099279025856961,4.1599330689193765
110.06271964237169,2.4943338459226143,-0.0662448692585743,22.812821818331447,0.09873403587956381
359.9381746118877,7.826621352233833,1.0977803450150716,33.84799874512811,2.968760188691974
30.01966984282781,12.807888653324651,3.021105224170183,30.076395150501185,2.4975171105239538
240.073214273124,9.322837249878303,1.3831112829827668,14.877641514999066,1.5547108994939234
40.166879239782304,9.269426256900266,0.4663991687895913,3.0107240480732407,0.7713360171243456
180.05886427531925,6.1614726237767785,0.5079547377425511,18.026100301256555,2.0783035055883055
89.85705954897722,5.757060254622982,0.5198398706889482,10.058416619352352,1.3964818039515283
239.93449749325222,11.744047715730675,1.5075440953592003,22.909270384799175,2.921629284668804
69.99029370827624,7.746177294775289,0.9276744779874075,8.01314318432576,1.0751112393167164
260.02645212756266,12.983554093432586,2.014287084067607,26.014577037971243,1.9925476726594304
200.05045492964564,8.284264907921395,1.0824552260286193,18.154234343333595,1.5013471338354103
120.03871901079523,7.333429289223666,0.6335465365817812,28.144207936708494,2.02378659719673
339.9960530459096,5.1298800664764155,0.707180477018533,4.014873219077444,1.5202117247094833
29.98168153331695,8.143198705948453,0.932604780164009,4.192350879743684,0.9396766012481472
179.91811916372615,7.675928785866247,1.086979521905872,28.200959893143093,3.036933274791588
259.9206653213332,12.909566470453193,1.9828001731063458,20.99359844899283,2.1283208029871403
50.151348849868405,3.5764642997929292,0.5850063838901713,38.009830652222234,1.5925801569488194
130.10771011093365,8.248711824712968,1.0568189251611142,12.895849012473063,2.864791547007681
30.06458603655379,16.083958446749637,3.505738160138013,20.05915300166626,4.057081701468387
349.8376057250621,3.5452259781977418,0.3561679816070024,3.9230063731985507,4.555165232609739
40.0008721887909,9.872013821276154,1.1172828124718321,25.029114086327056,1.1131423933079068
339.9454191369108,5.239688528357496,0.45432442454763344,27.048057238904505,1.1190944927551802
90.13969578682939,9.414106480462216,1.1348793642296109,7.073123103872015,0.8278801616436524
339.9182436775359,12.274148227996474,0.9117883678471579,31.982834532290006,1.398385221325816
329.94386127662887,3.130943822218075,-0.12961749765969394,2.086780358757079,1.49097258492003
209.97528588781543,11.36544579647998,4.599856197766222,22.019800618256365,3.1139262868454662
230.02894801506432,8.165954928333427,0.5731002638344753,22.19407171129474,1.562936712097002
349.9955579309951,7.745263608984281,0.6267524849795123,1.0441169881166985,2.0582643644454013
10.174054793018263,5.043192711415521,0.4846853963774699,34.069795331922144,1.4549447373118976
130.04022484123257,6.85932822024203,0.6329182740355611,5.935779668040832,0.9309912533208292
249.91013630120736,5.7399888884148575,0.49595350916093317,28.205860145578267,1.3892063259899046
110.108667190399,2.5657869809282703,-0.1227638639358779,22.97082017745371,0.036845230393919376
280.0168567110224,25.754270849887874,3.0896666123793346,27.00961644268474,5.776145244504954
69.88189853692452,7.608365422284665,1.034282308731631,4.850486693981384,2.0754198526127867
159.97989250859425,6.602305053869978,1.5706779174904422,6.03560287101747,3.108443513952957
280.01109351548604,12.82547398914601,1.9091494259921853,28.15827998582473,2.5171669042678726
19.978328819463915,4.234502091464727,-0.019108193941825058,1.027262170970164,1.194992289692832
299.8214420618836,12.368287708849065,1.769225214544766,29.143262323215335,1.9176467596221212
89.93968076225053,7.21481517878689,1.028951949269797,6.7127949093356225,1.5293624407331823
299.94681401692753,13.858842240271596,3.9178030286853884,32.7853530093602,5.014981944261989
29.915832187717115,4.640078648102696,0.520046166417304,20.937275044252782,0.45673270934901855
69.84421580715762,7.734546790779938,1.1655549536044676,4.9429325118305165,1.996834477518948
289.96583939552346,7.6742541217733855,0.3616488526421562,33.94561065340864,0.8941630310433505
70.02729458110295,10.414447369165996,1.9663618869755628,9.189838810339598,3.124371360598564
139.99899363415244,6.096017441347086,0.5340627917904072,30.99107276039909,2.0856333999032928
220.01235712978846,9.803488756364965,0.3932070926763809,35.09786159906335,1.2314189547471075
173.9900435786293,7.84096242111876,2.0025916699235977,15.043983138915015,1.9152677453134155
20.249154866813367,6.166602415251499,0.49368818452411106,31.907279647793743,1.4334190679053638
139.93248440253862,5.244206535240386,0.5865310232581694,14.066062659190887,0.8492033667116683
259.9931677796633,4.937809266133962,0.9698156439398848,20.050936933570753,2.3534904998616213
19.874686989251373,2.222322373683243,-0.16040259629259035,14.00086074352293,0.8942931214691666
139.89951228540147,16.946341112404564,4.519789560480653,12.089404578222926,4.435954371810111
340.25504142184917,12.7096768087812,1.5433349613136467,2.098843419311939,0.9732388713032201
250.07797138006407,10.82149963400993,2.0363619468505014,24.89393899057218,2.3985751508046453
50.02130551370509,10.472580983114725,0.5814956124619339,10.885980913176263,0.9724142301424049
10.165430143816893,5.2442701620691485,0.2608144863617151,33.91646789790297,1.664432206923411
130.11583919089952,8.64013194758877,0.9597221634253568,10.007867303148235,2.3786714435027845
140.0654365007191,10.370827434336087,1.0671248234634028,10.980212446081733,2.954292847129651
70.27220842757647,13.859822606465112,1.8609921942454255,7.044754213763888,2.413660524578839
50.06860709130628,7.9065175196456705,1.9897536398184126,3.8163108008777478,2.011712675974919
40.12815838336198,7.8817204450376925,0.5610900631166534,8.978362815411947,0.902247019235801
179.8977632171618,10.179117419594354,3.1060745280019346,9.876018999695464,1.9670299795530857
29.815274538975167,12.818644838204458,2.86074862467516,29.964610115988883,2.499755125136232
174.13218854305782,8.118577332344483,4.0921382323148965,3.0598371361777956,3.1083633824629526
40.061351541436075,5.643561639519538,1.905741976163646,4.920398249325506,2.552852191219564
290.021773503267,10.420723699552038,1.0494622058892595,33.03949404121611,2.945264394826467
89.98270570412235,4.166393732393786,0.5985575459219663,8.84825228272631,0.4891890704131365
280.0748108949355,11.15199547092257,1.4497296197324514,27.228412156377633,2.413696297164562
120.05806603672144,9.824784724116459,0.3212281734588618,2.18261386664411,1.5054624341114058
150.05189093670253,9.49522407766631,0.5419603238917672,9.092502789718719,1.5685725879385632
109.97883840649348,11.42497956580766,1.4410289093272237,9.948359853638399,2.1436519597069927
70.11558610570843,7.086819808538754,0.41010237128848825,3.9889959109495363,1.1853021401038606
289.9504833288382,10.341260505461655,0.8769371844419549,33.047963315736816,3.14141280576918
170.01087763245516,3.7280025870474782,0.421865152409273,4.017361685519772,0.9318096766135273
89.7376344666336,3.5361410678147673,0.9477494928633283,35.97989334796244,1.5718155318897902
240.02064123571435,3.526083361536522,0.409931033658945,29.96933036540919,1.9830232218468233
60.07123973830142,6.750197823922426,1.0411187566394857,36.023140640107265,0.9262971447139308
90.08621762144936,7.761244867982838,2.44416447734659,9.052641983103266,2.9132095986133093
229.98303493437578,8.188103052531929,0.8923209904563179,25.102174845722622,1.0301152662666857
173.81024884267538,7.992071277667741,4.125940192435492,2.9286511189815574,2.9797181311501384
290.1605922691037,5.129901244014819,2.0511707823141134,27.006293328606507,2.853508275526764
40.084655172877966,15.008900088837239,3.9670032020970987,3.994591267914043,3.6108934154340804
360.03808331170393,9.812473925235482,1.496960914916245,2.145692087197421,2.4910235140288166
230.0279211589073,9.705176828636914,0.4728115773597964,2.1282105103604474,3.0856340881177977
300.065282979122,10.636453740787994,2.957266276079037,26.826351392731844,5.012915500937583
40.07379273085465,14.981175712716219,3.402374644334768,5.044592933478023,3.455570915328956
230.08833546293857,17.440633917606778,1.8561683634601245,16.032961315100692,2.683876373129368
249.8923447376017,3.1409256375772014,0.05445677768234051,25.07114769668851,0.5930583312546739
309.9095581939577,2.17557647130741,-0.05391796893354994,26.962929949263863,0.4319680754205678
219.98202157491676,9.317138207067355,1.4160085441329098,20.15281427335121,2.017393439482319
39.8463463600204,9.244908567154766,0.49567199825608527,3.0048970963217303,1.1323659759568148
99.98413477115258,9.184423282508826,0.9201242352088164,16.226358137046482,1.8113960982885529
10.080203746230177,6.981633971872177,0.6491826801900782,4.903877167752284,0.6674439184946561
119.96817165566868,4.5135909577188515,1.9658433735525906,32.12995512435038,1.8981090593761702
210.13047021825236,7.133818365898765,0.4362206317303251,27.702482654049046,1.9997748030228752
239.89344374668255,5.7291237297037085,0.49889447475231974,29.051107465118843,0.9412649071719051
229.98914093528583,2.0017326084629397,-0.005755960668895076,2.8978216211884873,0.9193612803589621
174.04925977266507,8.121088332736646,3.13534729920234,5.9968629135230005,3.041656685632173
189.94325444545152,3.213448943803843,0.5143466504026019,5.017138632094942,0.382841275607192
239.97064699569802,10.733874776280315,1.8142398898090106,25.178978549398845,2.206568450200972
220.1982344074452,9.763124458336119,0.44593673802131495,35.07874943583374,1.0845451582750816
200.16096567033932,2.462162105292596,0.3921123272667141,17.09245066718575,1.4526509841326785
30.036554486356458,3.5895757520067053,0.9447699692938598,0.9166706810121672,1.1655231587118302
220.02503738119495,7.272541416016895,1.1190255550662616,32.9158066024661,3.98251352660398
109.99796395368153,8.667663530451142,2.1898541689593,6.97694839442707,2.673891519816688
90.04314328593024,7.708682808325215,0.9542172979188553,15.137474971481574,2.0654330092998414
89.96096898031415,7.689247865347766,2.049502539713617,28.93184218445759,3.1115535687100855
290.1686569587993,12.81750474358129,1.5224944662425208,7.203605860994148,1.5928712787485855
59.98623402700982,6.830771584484571,1.0063673818029792,36.090868377023405,1.011239269731394
100.02755166041764,13.882789703762832,2.009225394145745,10.797306182061273,1.8524153205246023
109.93424425523679,6.299487646870094,0.4398537881453364,8.943120735084594,0.9140665000651607
179.90561511164614,1.0272433464898116,-0.027214268471450056,19.939616821072043,1.4692451942830695
50.08447404372173,17.91159541279384,1.9484972953942619,1.68491384163147,1.0678193935792473
89.99955767108139,9.668256236732093,0.938005601846228,8.831358757268783,1.9738570727184694
49.74977463258427,12.282422562753423,1.890761390386613,2.0270260541458556,2.8942113234918265
69.89445445906404,7.999712073731478,0.23986455113641225,14.033046437464689,1.99428201133566
119.72758351342057,12.95535672485723,2.4937140068147676,29.98897408391597,3.3997231984461616
349.95341186504754,0.5614065235064617,-0.05702633584976527,14.007100569292996,0.5134607327207881
330.06462415073867,6.18039594903401,1.020724840112863,2.039281138960859,2.0672048397180034
40.00566260534213,9.341940051714266,0.35196529373751606,3.052392101152985,1.0611968075685432
120.01676893483207,10.241877980410251,0.4206801413850015,13.011822002635988,0.5695894741849866
239.98911963268716,10.680664778949117,2.0041521101200845,25.076817888160118,2.0668291841599284
129.91007532678964,3.208794768370479,0.477519292431956,21.982861016487906,0.48012951273186055
239.98775495589473,4.199930266326295,0.23900670022910397,25.99836388566257,0.3607000721339486
349.89793279633363,15.304709977024174,1.0093733509296534,34.13952326751412,3.1070695033074345
319.7544391158129,10.352607732676647,2.0431442156775845,30.764652792230326,2.9992417556179647
220.0560304304521,7.635920382198153,0.3739483092961709,21.961440028370866,0.9287578590540837
159.80963257153428,14.425671838319237,1.6529615577181225,17.854754227552434,1.3684130251347213
229.9820661175888,7.609363021105053,1.1226906897039683,24.13615062783855,0.677266457766164
50.038982032597666,9.330471710905515,3.847632519007571,5.100237296451757,4.153321308939881
330.02972518625575,3.073983529416211,0.02479327758927755,2.035065051653228,1.7281725493923223
20.014202803518643,4.146064747069848,0.0686247837852221,1.0831288257205278,0.9945034645053555
90.00359567976083,9.302277267679766,1.0153480941630275,6.9167297410263675,0.9269216208478149
240.1411829461038,4.165200847821431,0.03443195709887967,26.02327678964543,0.4825905549535495
20.026232438655036,3.61330129547905,1.5033409598272705,3.132549788550547,2.8897666072206007
30.039013510992373,9.30582024512856,3.6561999425012135,2.1116681450272248,3.1033676835530715
219.91589996141758,10.14458922267212,0.9573421338567608,24.055881293801868,0.8972254784616818
29.948771013266658,12.826251459923192,2.976729421865188,30.059952750442427,2.521720855189069
209.93178263304415,10.439689858305368,0.965509253275519,24.97234142933825,1.5279330956334805
119.98855231989226,9.791380286225825,0.48712290000895864,1.9673030092554349,1.6557866876350376
109.98907797193935,8.820147368015908,2.1735641458582826,6.989765764263538,2.564106901632492
19.903608423199337,5.1917242280090825,0.5226460476057899,5.931453101274896,0.39187421531550803
179.958162736587,8.669107087582777,1.0384502554146453,15.968458943526679,0.9756987899262621
350.13786591889635,5.257155078141546,0.5454720692891258,10.079570563309167,1.6177043870617798
129.87590418543343,6.562547871353433,0.5262551165813921,6.066484862238352,1.1101069255366476
229.84836694073792,5.728784669017454,1.2252364617149571,23.94901050096925,1.1471037184451476
70.07290020698458,7.506155255938146,1.2472513882871734,5.08154353456179,2.1843398418062985
239.86050150528567,11.669144807736723,1.539387176738568,22.961513798944686,2.830124662640662
79.92793181884734,15.273450316748717,0.897149889705795,12.052538691217597,1.565882648195433
110.02876109199215,6.819766994396273,1.111700989400192,11.114006579800218,0.931908414047611
89.93014678499192,4.193377239553942,0.6242267019279955,23.809173112038213,1.4559507224232227
309.95744434052057,2.112399060708914,0.028119215008310012,27.074255082377782,0.4423044519003771
269.9325182292399,7.569932595075954,1.0713744454064482,33.89895642198508,0.9430953256380392
289.846488395294,10.519615379460683,0.8814424948877204,32.932191490446705,3.0091408171194165
50.08117240009485,10.265431844902052,0.5407476678510873,11.033261041816314,1.0654803475260115
319.9697081549774,10.113416808603949,2.0112739841823597,31.15890142603033,2.9925106361632623
220.0578722393141,3.6497242244050976,0.5175271632478488,27.98834699925032,1.382515000046015
129.93405045435725,3.0903561608827226,0.3360851827467193,21.97952564694406,0.5166028993303332
150.0994325259432,4.9712787427305285,0.12635013251373514,4.005407973745953,1.4334535836128612
139.98949044433178,5.224161891668821,0.5894935063081594,13.964175403054794,1.0112291395395483
359.93348779451253,5.074712984823508,0.38682117080426137,17.918822161617847,4.112927181206581
49.97334253629106,10.275689833267819,0.6232105033373955,11.010488629907591,1.0492278229186072
169.9817912451041,3.576105937227496,0.32571104492733527,4.086066852940056,1.1379877683492474
90.06176000509238,5.586456948458275,1.027792023783384,7.999345987536314,0.9626184613997922
89.96364645278793,2.7085099534306774,1.136393185315827,7.066932236985446,2.3578654454466497
249.97173966238861,10.72138035558662,0.6062585332102882,38.00390670943127,1.2164534240374367
30.137071766564613,15.975764107594992,3.3808300527099187,20.076578229598745,4.034633287262688
59.9538175052815,6.262830001260853,0.9699863090171517,7.125789717863558,1.5007544034988387
270.0755123957924,12.889406038001654,1.4947131689487339,29.07079271133554,2.48452504683595
129.99961519123846,10.895490639805926,0.2901701647797237,5.9336842807753785,2.589325548092938
170.1004167534479,6.68957411434406,-0.3128005993113263,13.985021801039299,0.3903683655435869
209.98798872106474,5.62847434692015,0.806590533651794,21.041190957901687,1.0419536660964366
39.94489805998913,7.406697735079291,0.9953561925006289,1.960225244636351,2.3705196424216286
90.08810136541756,6.820105765927925,1.11066425472121,26.91691693141916,0.9349562898149532
289.73916567956053,7.6544109104839855,0.42260993674267283,34.1015861462242,1.025824382262828
300.1488038836739,12.27261476299216,1.40015940444569,28.924095891902404,1.9238266801065813
50.07614030524081,9.72977728355507,1.3038416098680177,4.910331203616913,1.1594606683390518
79.87905579427425,7.769031350582252,1.7007542875532897,6.082827071577891,1.604809128627786
299.92528894932707,12.911708809591834,3.0128205186377564,29.955274997912813,4.139159009343727
110.01150746968038,2.7980440499713075,0.17672282224051802,23.111636434894837,-0.0694980153217906
120.00348580298754,10.134776574628363,0.9445164139934923,24.96815752099676,1.426535218980526
190.02731922262942,6.152192029466311,0.45501404532046363,18.05077874966587,0.9920496682248474
70.20672582814251,8.730606509933386,0.6154153146248165,7.0638073095454486,1.572043641986947
130.19863019048353,6.764743829202444,0.4835759664209345,6.0488571923023,0.8874987063647899
79.93012554457873,10.34180006157954,0.9304060157861225,9.872590830527068,1.4265821599202306
209.9431367360418,5.7371228300414945,0.8934808870511287,21.11207947878991,1.0512401878476691
90.00788285257497,6.7917111416504445,0.9468951582816186,27.09249801779645,1.0852023287395565
189.85276732576432,10.222289823348662,0.5677930302743385,20.02552824774614,1.5102123798419824
130.02708339309925,10.720677601381732,2.0003475132136694,15.969060947824824,2.6492278431607788
140.1033637122794,16.99110115583907,4.530035947731869,11.879150214745348,4.4216112855132925
89.90209178040172,10.43895219945478,3.0828076968335774,5.977427274412529,3.667389481436054
220.0445404668312,9.297815684224966,0.5280268635795048,22.01242943802934,1.521877003749221
320.0302718596513,8.872314332669102,1.1230224809560614,16.90406811104026,0.874286602872695
49.84637348859922,9.652090316799459,1.5961000241436543,2.027985087496963,2.412181569493321
349.9651475393676,7.70213484073413,0.9963962993017537,22.086543349292853,1.565200880990099
229.9549199845029,6.120842942025502,0.4335508031295932,2.985216540103425,2.003774346223973
170.07376127655277,4.952185183474142,0.9417153123726234,13.064062134949518,1.4982077529783449
140.04789694364106,7.679549667436689,1.6123560270632409,13.833893985681303,2.0131918116590994
79.86488604231951,6.704452199079423,1.588510024916177,22.056497184018284,2.4935111557549328
280.2162888558719,25.62405748386595,2.9654095657699173,27.084231082052895,5.857813848086822
109.94855468089628,4.030469800160798,0.5156950373857704,11.992489393043353,0.6321147855422715
179.97880296919556,6.032907418405778,0.4550394178823546,17.967340010682634,1.9792691745665418
350.09645642196455,0.5283748412027388,-0.107939182606834,13.93306626925383,0.5277623721542916
249.92775489875535,15.370851555727116,4.144958005171234,25.245932981393796,3.530130920359853
199.91198304149594,12.39209509640966,2.5422104274457213,30.159873638518093,1.8889300151532393
320.0536445793917,2.6616905878771164,0.06144914231122857,34.92049263335742,1.9294803514676928
329.92877058353497,7.196321364849079,2.092310737499754,31.0001153614097,1.9871009910052142
50.011820536627944,3.985470987344962,0.2910548329550601,14.000674092165086,0.5989628933700362
279.98597984437464,19.085024315643174,1.48676436932326,31.11336421957516,2.2996220705888217
120.10558967651855,7.085347389262769,1.146558132424942,25.152270023449937,1.7848721743636935
79.77253196527163,13.03301358095274,2.5824018877875625,9.02853807562287,3.4680342135270443
160.03094676689577,8.57304248363477,1.6092901335741725,6.961702103951547,2.8581257760843504
109.9386143547886,7.725075269245827,0.9436706092600229,16.075952056065386,2.664041649229432
239.87237700935037,6.1218386539046055,1.0342747266368977,22.991357255130623,0.9418898372614397
189.91913302974336,10.293849815588594,0.5866333761709037,20.0826516575315,1.644601558217227
110.11857074657941,7.724524971947521,0.9479884276062583,16.077019954988177,2.514189174844027
270.05433335875694,3.6040520469059247,0.6295456448046162,29.91937946120173,1.8532279302611183
240.00820900062595,10.933434285022187,1.9594389073415137,24.920931461814153,2.1703438803672666
330.1143242471798,7.784687338905063,1.2930489922515958,7.137959866638106,2.923171133139186
120.06926909529459,7.255942214788484,0.9388251325543923,12.00809266291812,1.5102781020508806
360.03671694021415,9.693840503103061,1.598695035371509,18.93146768322173,1.9809202100865169
90.03412099160887,6.21679155893754,0.5792138526695079,11.040753566425462,1.269020830618528
19.906218059973085,2.124195907757474,0.5244362132134364,4.0540422516110395,0.9864249680746755
174.00567977857068,7.991297481228557,0.6096986206399505,26.95431600202373,0.9285407043954712
20.063466366794287,20.582129457050325,2.06781805089919,13.027326475859864,2.3726533847902758
110.03060431814986,7.6693002034257205,0.9915899906492328,16.163197971404287,2.45383972233998
49.82609069034479,18.06646155919633,1.9984506784792966,1.881227657755757,1.0003857373654197
129.92623795003635,15.90435122247929,2.9975848131043996,22.96154841737342,3.8519731497649703
20.00371964401919,4.226571285283274,-0.07708666751377594,0.9298324448221877,0.9469553728302825
90.1170225297133,10.85860505205416,1.5124904251343816,5.933043028092151,2.000102318608373
110.13514181761863,2.793789358344297,0.004664630857184176,23.161156540648275,-0.033001859937286805
79.96382656943003,7.614951917825493,0.9990634488396498,8.966988405159137,0.9082602944561915
290.002898057993,7.200397303339221,1.4570144529688305,30.160632419768778,1.4484758296099762
189.89844774144265,5.203648872927283,0.5903109491942631,11.101870802651469,1.4055672455523227
200.17332220405484,4.072249320063732,0.33827244882084295,18.94773605644276,0.2499572114226179
59.88140405598279,0.9175456456760492,0.4733499027918954,6.795321765180012,0.625501582771467
260.00299299152056,6.3193925959273285,1.5617140206394562,23.856294329524186,1.5841641525685337
229.9464733054952,7.27411943739085,0.5347112389138986,20.13365216707013,0.504495724465174
69.72690245121349,14.005728018921511,2.0495776722175063,7.018733767778103,2.3694790383598106
279.9117522528697,9.76306623629398,0.9863802048667112,27.067368764418134,2.0337673003684453
290.0416493276757,7.204934172959634,0.45254213637799956,12.102728253060697,0.9022196505979816
180.01819270847167,9.986053711511454,2.1041121544037105,22.12139974511345,2.3668039410742567
219.92970060701762,9.372033592187686,0.4021173383629797,22.11847937228622,1.5281633592987685
250.04836176677313,19.000534224567968,3.0829590835905543,22.141023791667926,2.8966651327048947
230.0336498384484,5.874461650113732,0.9856876516398648,23.887014952717912,0.9413472910125027
80.04998686209379,6.258135910445309,1.07078404959619,14.085999495451857,1.907587425402118
89.91591855754032,4.106355765374366,0.3443791851245798,8.924709474185107,0.5883515755723916
90.0345543328915,4.111131003467711,0.4624424246990362,11.993097063847332,1.389689417018359
120.10335982594098,12.797921138444691,2.370126384058524,30.144408871915854,3.5090065279298295
90.05271169682845,6.771650560811055,0.9248286667487687,27.155953424999236,0.9312858928338402
219.87282997048985,17.948173619092596,4.586152167276381,22.932414281647333,2.601842404691523
70.0469015065432,7.169893597442299,1.0954306860388094,13.938875776551306,2.055858048877182
229.95407166966226,7.699505191202298,0.8984270561681391,23.934965787179074,0.47001443752410454
80.00644873230497,10.280693541427762,0.9744084142014929,10.11241032252263,1.4127625230539644
219.86518146130788,3.619580292195306,0.4129635282992903,28.203577234718615,1.3998430994179456
9.94559454115697,3.6429374035293063,0.5078272977008352,2.9069376918877547,1.6458384819638519
50.06752748467237,13.34731612344152,1.9961995716998875,35.751054963953735,0.5781754890591762
249.9544557234433,4.639882730992404,1.9571045335041477,29.031673970091184,2.5840874193526
30.03524658049764,4.6050104704335375,0.4590947897268631,3.9999153576329514,0.6220966630935154
49.87667129560569,5.684287788625857,1.0116067428366753,2.9107464963184686,2.1042776145988236
139.9186231735828,6.3308897175679135,0.5055565180005798,30.97178770079173,2.052167715403467
289.9916444470529,7.2244867224645635,0.5827154185376493,11.829361336452113,1.0137623176859691
70.09692585052241,13.904237275434149,2.0158084653467596,6.902030781334249,2.458822335334392
350.0099602957889,3.6271172101156606,0.593363091551413,3.7817370767570595,4.537171169196083
129.90611473105892,11.296582816011828,3.5022548676020486,18.150065905708676,2.9726421397825793
49.95008503049215,12.348072693615045,1.9329828715246593,1.920572869071881,3.0748069735489936
200.13897170572656,5.050105780944396,0.38847065607199516,18.038184548298606,0.46372652039530476
230.10037161874465,10.347669312996763,1.6766986210630583,31.120276501448483,1.5796092206298837
210.01449658613691,5.747306857296484,1.141347979782243,20.85222096345384,1.0856631384231572
160.10166214205458,8.82152915678903,1.5816002516676053,6.803586765900681,3.1345436121512797
289.98155115456314,5.002347421759942,2.13620125091164,26.97911907320742,2.907631675212847
90.12847519600444,15.345229988646523,0.9410803285667275,16.039092184585755,2.511109112424592
20.047880085527083,5.269590610328853,0.4804031875174398,38.01651765764634,1.9168340005108473
70.01306323091127,8.366966494297447,0.996540114584319,9.10278681960971,1.5171837870882277
350.1271802390252,10.743594835261344,1.9746712751652156,3.0764853886984596,2.0779956407561926
29.949128426002034,12.8416847763758,2.9238525775364965,30.060349187600114,2.3773631416961907
90.01866798192724,7.647978853297315,0.9561300769368806,15.08533248749364,2.046821074322314
70.14991983501909,6.683085274135978,0.48212120297879296,7.060472473699807,1.5797755059095935
140.08363366861673,2.669572536054029,0.45226872903506493,18.941001123608565,1.4755004140472514
129.94646581560824,11.560436662442877,1.9069413079489248,9.089793561790904,2.037004875879905
260.0192980684097,12.819896164890089,3.1194896982437026,25.925639944760956,3.028177412502093
289.9582078808458,13.104248116378923,1.4891179104029375,7.157387980105783,1.2336656426858874
89.95792401576928,5.751009858586677,0.7208333461657797,10.040184726159769,1.5746741292035935
139.9828844653603,16.88242896300204,4.710832585426292,12.100616738816843,4.32404956706743
210.20060259076163,3.6583136416233275,0.4718178517155548,35.157927976565176,2.1171381014348216
230.22578558676597,13.312716476537624,1.3616965602989104,28.07588634991478,2.9628272361492014
50.05384576058556,3.8543105633920196,0.5408582692357018,37.88469114813779,1.4773681126576232
89.8638419407001,10.407212003682973,2.1077371353971066,5.8640301065843525,2.0380662600848605
100.08629902677788,7.638088753272717,1.1156699056279422,27.908186552403937,1.647892438928687
150.17580228229787,9.305592233544225,0.48824030222928533,9.147355215746089,1.3531370891228864
130.03495787758345,6.739362245697035,0.49257553753978633,6.11796899489241,1.0902202971628963
209.99963343386352,19.072920779037748,4.538407396352734,23.10228862634148,4.4947843466617075
179.8959815632476,17.476799866779338,2.476965114490648,4.075656828311608,2.935564555120756
129.96498526626127,8.569458484182753,1.0182397546126472,9.891241444809328,2.445112591254281
219.85634907486502,9.874355976524427,0.6629604046988267,34.98209005143964,1.1842044236005949
330.04728494593587,4.474787719192069,0.44068436056346566,25.9007108787952,2.5620170572917926
339.988047968264,12.256938064847123,2.917103479212067,32.830094211146886,1.8975871199208258
29.931351413014248,11.36055423247625,1.760534452941752,35.78711684654472,2.1650625974193036
250.23400092493512,10.653691854288752,0.42163145507383915,38.02897168640571,1.1701435450633648
160.09565549692869,5.096968926257776,1.0040899409053128,25.903377515002276,1.9616366092383846
339.8103247631297,12.493904403604814,1.18440599571476,31.914994321272623,1.562115209670218
349.8962268912643,15.36520689359299,0.8724974489880369,33.98191467595615,2.845396925746197
229.99334265283764,6.28250575493483,0.42521420554641765,2.9409628751052845,2.063215689285685
50.03765502873667,11.210192350869796,2.0394099756315507,13.955348169538713,2.123021348766852
200.11586877513037,10.249444312626355,2.081033627666634,23.15756440835031,2.6475652759100363
109.89259106150539,9.239173368804243,2.255215164277974,17.902375145283102,3.613604359111837
9.948315028927402,7.8079319662394,1.0593931889753996,5.073592372884731,2.928583360765116
199.9238413300643,21.10905137686489,3.000676063086566,18.80035636981664,2.8701745923145165
59.90872467083769,6.793046923225668,1.031816007783618,36.078517101939426,0.892803081919341
199.81215509584294,2.350722511675082,0.6481544130540193,17.10698961178273,1.4813691499943435
190.01630866363703,5.1148307486898155,0.44734897874195556,19.79021840143442,0.9720528443261308
299.9803319078597,14.478136626782488,3.0051732182310498,29.954715142054695,2.912566067860835
179.88296860284393,8.683698593298915,0.9454507777877982,15.980125051237243,1.0333670740125236
349.94862225957195,5.261305094765551,0.5431218655913662,10.085951090807974,1.4949822941147164
179.89844879817954,7.799677599831349,1.0576067546854848,27.98360361323995,3.008658973337761
280.06575831905275,15.456058662308633,1.3733982034209276,24.186310058757208,2.03074931762002
330.01997244781563,3.146273058947484,-0.011267777924840386,2.1041746440830105,1.5266925475293096
320.0430515941579,9.386638580539998,1.0754861789391492,28.954897899120663,1.5872982727163674
190.12857055175783,6.234598162783912,0.48652593099720964,17.900078980231754,1.0614618157452118
339.9277118684329,5.188377163010454,0.567085677665132,4.01281586401686,1.3639071514831203
319.9133756207858,2.545692375452008,0.08853912760595067,35.079638234782486,2.006837541787688
249.9072533668104,14.930176122103557,2.0935159847956815,25.128533390278562,3.976351335483369
109.95128108376173,7.563684488125639,0.9685775945967777,16.023958636614786,2.4712405713231442
260.18329609323655,12.696049887029268,2.392187434659159,22.937197780960478,2.899797798317193
229.93559019112308,2.146546981723299,-0.1039249280775561,2.887970407620553,1.0161005520613715
360.0818507686488,4.995734042555775,0.42710286484422694,18.100638614170403,3.9827064479384355
209.84332344590217,11.442346725491566,4.48479887029111,22.132117010909944,2.837900256766303
290.02692781702933,11.431171758911207,2.9296006421053633,27.76047834773629,4.902460678010774
119.96366911106205,9.238444733643195,3.5442254291946353,22.90459747442959,2.99311189802709
89.86011728808691,10.31447799213451,3.005507987263761,5.945327318047698,3.4578905752703317
80.04314817035191,13.454706995193355,2.9454918053967827,8.086902496834012,2.415845319851177
69.87681658732879,10.770227523179418,1.5378804043402035,6.064052952211143,2.494002084905052
50.03230286584196,13.357953327237492,3.0166912555467853,4.087667865371642,3.4250019280188964
349.9917137864371,12.320644272416695,6.054245156750311,29.949313490498096,1.4708856576702327
59.95331771275017,4.249469655877662,0.4578199970502432,4.935850937810866,0.5997960605864529
279.91669894488655,12.785662147087175,1.926490396886748,28.120488824539237,2.4483277596372224
9.991188191778177,7.061888277778517,0.567230042959232,4.804029322271832,0.2876536286587784
219.94535890848047,9.304284849238488,1.583105150887307,19.89954362271549,2.127456801457801
170.09235602308473,2.582234973442121,0.6823262386957156,17.050520277207692,0.49678590116577914
349.97821881922937,16.95144095391506,2.8008000746385324,35.01636074015893,5.007243572769853
329.90470691988014,7.653067534757542,0.533988050430571,32.03249741558557,1.3025574657812318
89.8750799546294,11.941358936899945,2.573543587428114,9.029427989788351,2.4828889265280982
299.9232823406939,14.303870239906052,2.9940407322492715,30.217441248441038,2.891827591691828
79.97916139750473,10.349795103704864,1.3995551027008837,35.8102335305904,1.0309943775500394
49.89916678340748,5.7553325318517725,0.9807099318379541,2.993568889214985,2.01393091234328
279.9311174164266,2.386604621415926,0.5393420682773333,17.946889772263358,0.5690106997497753
160.0074478235362,6.81387499168965,0.5296356611947298,13.019928003065457,0.5584923398141993
240.00995032331605,5.679803466263023,0.4476863574781538,32.84820901533805,1.56348785561074
290.1013402975502,5.155872993377575,1.9490734629257398,26.976846954034997,3.07299900599741
99.84573343059115,8.062995426631977,1.4559745544491087,10.935072709133404,0.9359366547877864
280.0712023872668,9.818105070718804,0.9039820509487565,26.906172515119124,2.0920976967657534
30.052725519295326,9.401563868311062,3.434721699968325,1.8848946185963222,3.0216482008004566
69.87809298715322,10.329832375381134,2.12371189440259,8.982309018766049,2.9653733075056037
89.95841701428225,15.529237047389051,0.9212368615759942,15.884637784995954,2.307157289736223
279.96198013060297,7.511115746633676,0.4723947231302409,15.008867661721002,2.0241716878377884
49.96142135742643,8.065788022602964,0.9682209920084328,10.94559419233405,1.0546032777106238
50.03267336672919,8.180433259275631,0.48374494449973127,4.106447047557077,1.4762989881414825
340.0692603294114,7.363609273003102,3.0079907968333064,32.07618930410007,2.971138782662016
100.03149840235189,11.848397054705448,1.9358788554378674,29.212177433379388,2.4943675666292613
50.06774425556822,7.770609699790823,1.0205434566604452,9.07454466117338,1.0972322497613707
189.8837559267763,4.358197169656864,0.7349344611081827,7.07780727068023,2.100645495477359
120.0215358280678,10.83702817810394,0.9270826456185467,26.930027575466195,1.632307633685083
149.89184546470102,4.606785317189655,0.46641069057238155,6.966213318765548,2.4693680006219854
49.9584110338099,4.136061699234363,0.44926630763840575,14.158850743179755,0.5636038496502602
239.92152230977504,10.847822147739533,2.0743380295362064,24.92598246355251,1.9591263257972662
9.901157435145794,6.680421098242278,0.4282763869619831,1.1162620218921597,1.5583052570049831
280.0211326178433,2.5363842513084434,0.5775352919019863,18.08442700765249,0.5614252778433242
89.98059433823725,7.7510417196834425,0.9389139522068554,14.987607227602226,2.1460776010195906
180.08750619908392,7.723578670759891,1.0353549861676141,28.02816639148927,3.1466776013546256
260.11264216325156,12.945438464817117,2.051018823545337,25.941440504518294,2.106453329882365
174.01283298828798,7.951103491004334,1.9569538728171783,15.044188796366258,1.741678340178158
289.9572647245899,3.128338091354467,0.9251364245657081,31.861835285545734,1.02068173179687
199.87901018407632,10.241802889069206,1.9860535817387646,23.068574885782215,2.63633144900989
340.1316648202574,12.24523835871198,1.061694315726273,32.068712670930886,1.544332832535495
130.00310106354047,8.211592009645885,1.0796161090901975,12.909965996504976,3.145156419194766
100.13423639592234,7.642336972633891,1.0678538641099211,27.962253629290753,1.5245143393044063
350.0105734737061,7.486455063380674,0.44953369921336434,1.0308170491257773,2.0003007033301636
239.99317627581553,5.6093910030935366,0.4759460778290574,33.04920304050694,1.582590231801407
19.849856067705247,5.038859956719797,0.7187035735823463,6.036932741179748,0.34729299876139164
100.09909871777687,3.625286525346759,0.3563358521590335,26.891218123622764,0.5038773207222381
170.2156807488572,5.148210155369045,1.0734128993916938,12.986953730390523,1.201210533062896
9.889512497199837,16.56497158181431,0.8622213624311867,2.0867951119860795,2.2742167297775535
140.0927716842414,6.116424813707339,0.6123641609988801,31.116527132754513,1.9611061750458794
150.1401123602364,10.194830608161237,1.5052564641997102,38.09721181759913,2.038443449759254
79.95573030802439,13.45571773619432,2.9048590930860394,8.030068837595437,2.841843521828697
80.08867414344834,13.086565241730113,2.548402319727025,9.133804896833919,3.4823851097511547
140.02042486550476,17.111052722581565,4.502565669291058,11.97100824711395,4.627556766729589
149.81092354191517,4.486873339452068,0.54803022272123,7.05301217046676,2.307307935732452
360.0331047027352,11.797353091932418,0.9084101420568876,23.95219855012441,2.0114192877557544
340.03853908029333,5.110806820510134,0.5665663489352437,3.9092794458063977,1.5584855596300093
9.953138904462811,15.374120757827395,2.9714708423107568,34.96760037384886,4.040582751417323
300.0479145718434,6.7243974797388555,1.1007408961781973,21.06337492850277,0.9327965824483744
140.01905250728944,5.027290944181559,0.6887667485686306,14.031016359063344,1.05313223082267
59.810395866833154,6.79652748234471,0.9251985424107909,36.066744142984405,0.7777581774612018
140.15534334100138,10.272481070484744,0.9093054643316706,20.936658364891308,1.499578360368268
289.96505643690375,5.116522222491824,1.8288172521174537,27.02543467256406,3.2078965383401212
49.90095415758799,9.255158270936889,3.9403512404206094,4.944202144650485,3.918196057489478
180.11494510851927,0.8643531964800135,0.028361307445823727,26.04137354319311,0.9253718309527057
70.17503088374912,7.694434487734945,1.0807824204214338,7.918935774208122,0.9797048012759377
229.91119420981258,7.1353284740019,0.5717733089687133,20.02639471520506,0.6908746281368442
110.0341533487757,14.098707516087753,2.454957219563058,4.973368576722901,3.0783505514371896
30.114265439495707,2.2329053164206987,0.26467723138629823,10.92218715809591,0.5537928399101858
219.83336848637137,17.963425190988364,4.557649304698717,23.064091289526374,2.5045210134489446
39.866877788792515,7.8407022893485205,0.5988573360624035,8.859454871921278,1.2507749203023697
340.01512992616415,5.539744849427452,0.493729027564754,27.781112869121937,1.5002485752442913
360.14528033016256,11.757203129739414,0.8887793034662737,24.046634475526947,1.9401203998528138
360.05367281311493,6.143770074452617,0.33167884987856777,33.90746641607059,1.442555015366636
139.9804698451696,10.358163786092884,1.001696016182929,20.945608932920223,1.4906125559506513
290.05849083903786,12.840358853983664,1.5491482976797446,6.99133393638796,1.3428549198449338
189.88726588633466,3.0005370507158253,0.5501789323400393,5.005129359908746,0.5639815436955355
129.93334958965082,8.142061663063199,1.200258485075084,13.007735917770992,3.0764346002628917
130.06515939125535,15.991757735318181,3.140246297233606,23.041430198134755,3.9903144064409535
280.09651182738855,2.5570782570976425,0.4928144108886856,17.86089392213282,0.5078516358017406
109.85151665578256,7.784480141716539,1.1073135487405703,16.102690811432396,2.4751238038786516
270.0287745394659,9.229772205149327,2.545827642723026,7.8897363997130885,3.0769056099820533
140.0416977500697,6.183046341001769,0.5537350665259028,30.88836605596266,2.151362627141236
279.8156437420709,12.799969338228113,2.0833620307828222,33.97740979053004,1.6421693026530313
130.00540444969064,6.345135396860991,0.5742196943894542,8.909563376504837,1.7386529408998896
99.90905304783129,8.294454583916417,1.5509028193937837,11.223484430307122,0.964611551816572
239.95613931517542,3.9791515152489487,0.05383756249654277,25.8131552901779,0.4937581686446908
79.88416725350989,12.943359822512425,2.485270865905076,8.830821587130071,3.597156003556486
270.07950766523084,9.151883468212423,2.4493903717720045,8.005900523850991,2.88284477559712
89.8977893512482,7.0717826642204376,0.9296365707583402,7.16270123581156,1.4813645518237433
19.922190010921643,5.072665070646889,0.39519760604631005,5.862949447726005,0.3998247619345968
90.04878814118302,6.747344323535514,0.9301439518040081,26.998887721848497,1.086746209510428
219.99598661828514,9.801422669604015,0.39087693768866527,35.18678389369517,1.0390153734549
290.1646195002312,11.154818223476582,2.7816541887739135,28.064387543940672,4.808501627287262
230.15807843623628,5.678281448691359,0.9315683367556739,23.900855818475993,0.9693966127395253
179.9622244383767,16.5061845736575,3.3842260959192503,22.885993837001813,4.533550426935443
10.140998694476188,16.703094104737666,0.9440482989917542,1.9767339736280387,1.9721936603952945
250.05485025435453,9.969688585025782,1.380977087573201,4.059610604924302,1.4837563064560755
350.19375259206237,3.8426820597240354,0.5209976391521938,4.171822232551874,4.393142030371592
260.0858105908035,9.67972451703681,1.0905582982856081,25.025925111082067,1.9977598779045307
9.991334839791197,16.438362812129906,1.1184795444381956,1.9707859022381757,2.080745527186525
199.85362915486286,12.163112314232595,2.4275275589749343,29.83927001634328,1.9453257339403902
140.28869900161615,10.422504582798945,1.1082639038223172,11.052634076559187,3.080734196575823
329.94603985549406,7.714352510529987,1.5373446078464355,6.957657426088273,3.10062082248945
90.0302504912468,7.335150878938668,0.9746095875680095,6.98702741530131,1.456494328574825
319.84286633309756,10.213192096898254,1.919328531551415,31.089116218006662,2.9938298064668047
69.99396182587112,7.024170932657758,0.5071424136735917,3.823699387304437,0.9021957766244861
279.9926087807854,7.860347531388835,0.27113194181548794,14.83444049008801,2.134488927332851
249.88428119464263,6.511023116541855,1.021431378042711,20.042077768950026,1.458225852355769
40.21666313156409,7.5676545187595075,0.8595679360712215,2.069285429307522,2.4285127299416236
200.0664931944278,3.438920143071143,0.47821734873074295,1.0125264010257782,0.5106991138376563
19.928399597136426,15.270401153800039,3.4659913900469617,7.04336307904523,3.0088905580593415
299.9982590889718,6.625707546820492,1.0139151200801415,20.956393919357062,1.145498112366828
220.14268420927976,9.69632122510172,0.7212836664572636,35.18494597664113,1.0413201770434848
149.98421768686393,5.022416092613227,0.23063580680043494,4.013072820056503,1.7765605739956591
249.88004728189796,3.1680252092856964,0.036902229216638424,25.194997081044825,0.3867840276158845
200.08384077019605,15.468278460044836,1.8648845744368574,2.8857578758882507,2.4660903357741204
159.90132910501524,5.203625427725666,1.0368143691917144,25.936588941435758,2.002599412835269
329.98205582925715,7.616090843387039,1.409754062686481,6.765535085482676,3.007886974716371
90.09454400955468,6.159448095280385,0.5446702545147646,4.944479683999487,1.5294355870032108
300.2800666431933,13.98334483831503,4.159331419457959,33.05062178879566,5.110987744053231
80.0509827212791,6.270795370943775,1.0619638688964668,14.063641651900152,1.8763077768580256
259.909597527426,15.370007020560214,2.4977988997053933,27.00974824140715,4.924106128899972
330.0290545107715,7.395388870118182,0.3138037037640017,32.090198527844485,1.4743563572805873
100.04708475553718,13.901217486456632,1.9243298097333423,11.000314893346669,1.977086471754188
130.01169043584133,4.979135920866943,0.5637680997343217,22.98006453068423,0.5720271059177457
179.96773123976408,10.296511831869834,2.9062110423340286,9.921624933310918,2.0749410235017822
209.9730405654213,8.727793317672088,1.3758036561737634,4.081807352410217,1.5691467873225393
79.75339055177312,2.538738470806971,0.4673090696401417,16.078618283543502,0.5189318146764144
39.881757311278534,13.864516695078862,3.4034556383608807,4.067877815080508,3.4438519082411236
220.07784281866537,7.206001185089449,0.9722570969922011,32.92235815834487,3.8781919867790773
109.92638909138036,13.87263935504041,2.474769979224342,4.838624685952227,2.9834682363719827
199.941060596337,2.664387492618581,0.6977985087534512,17.130866436058923,1.53255882048071
310.0457115256772,5.0364517441671905,1.0247206097875357,21.96704107007223,1.5115054603275242
280.06657573827516,12.909410115730674,2.0203183571756522,34.14954198561475,1.4666635638772247
279.99746311066923,5.7920834129376795,0.5651182913220252,18.129838669202684,2.663701063304365
219.8835220484763,18.073075910467953,4.338091273281226,23.021251761080684,2.598602734585411
140.18163686321526,6.121296744939913,1.4919107783295735,10.970559228291034,1.5055120117414706
10.003319965881344,7.7894058483215325,0.6329894600975389,14.949904220854497,1.9842107587992561
49.895820456192176,9.121152124854072,1.0667840244944455,2.897539076584238,1.4963839454049037
240.1157247151123,11.784905826430206,1.7624541430665523,23.06407602003096,2.761285850201812
130.08866500031698,7.665647359019816,0.8748134257132393,8.095017224041843,1.0696818539812567
179.8758855507164,9.902304432364762,2.07389557090262,21.947427423140212,2.3717576863692265
349.919397582968,12.373770429267296,6.0055166139730165,29.885368167114734,1.4951527305260626
70.10998817213049,7.663698320668587,1.0854931991001644,4.860371209836412,1.975234031564993
279.93107970164573,4.429614071088205,1.0266565158587067,12.88580460878974,1.015623998820479
90.02944940392217,9.978538811114563,0.9244706281078359,9.12569768941173,2.0135512770554316
279.95713683503186,5.553022936333908,0.42385260314286083,18.108816381228976,2.5096080307316315
9.921362478258656,7.573561160850907,0.7567913040230798,15.063943318905944,2.0279383075122777
270.14500101854674,9.303584738097275,2.5158223662586905,26.918157884792464,2.9107699251545407
139.9711642751602,7.640683650272871,1.6493579231766191,13.944877748493596,2.069978960286363
89.97368828004642,10.25587447906323,3.2894899946379508,6.0446180473059785,3.4848177293873746
199.96963111274997,4.839247631310875,0.43774597330354187,32.01783357089951,0.44537264446041125
309.96264187464953,13.91858991560096,2.934477408432309,0.8017256570277942,2.54164863371615
230.21807528843337,6.26300785582015,1.42722857255991,24.0607675854595,1.4936752286673285
49.822258865393614,13.353445353983238,2.9315356565028683,3.9303966619981585,3.5993719115003877
280.11966179027655,4.7697936186536785,1.0831056415917089,12.883988459075216,0.9809745079123852
349.9151493635511,9.244961237504185,1.1470304244674157,34.17219307310063,0.8666930649365756
180.0584211734209,17.500564937959133,2.4381852821287544,3.8648661613834965,3.002275333971379
340.0553345612605,6.57086567155195,0.9922357634343251,29.848706538477124,1.9974358059943864
249.985968924687,15.156157371843548,3.9713242332886245,25.005205075691816,3.5373419389938685
100.07613359098694,13.803488229464534,2.0971878854503765,11.176695494065958,2.0726022357650393
139.96127537017998,7.4193706470853495,0.8993266596730038,11.091395722169768,2.518131697171497
240.04917100152525,3.2091547146380273,0.4788977711080706,11.170528244527977,0.8987256688872747
40.06694123737263,7.5288788190331655,0.6668588066127749,9.232835179636956,0.7991401190722568
339.9283706521231,12.774292447517801,1.4701896665695897,1.9274620008049472,0.9746095325209723
129.9511507991056,10.738080259289417,0.5553292053455524,5.968849138459068,2.4518960126618845
220.1846330840644,10.261351732918387,0.8326801278980626,23.97230698998038,0.9755600765895334
349.92557142095035,9.327487673164091,0.9385111496552839,34.080267088702996,1.0565856751893947
130.11344829120154,4.119930320814215,0.3796496266109923,4.998007131133502,1.0352975599144643
130.14304839353676,15.729187594349426,3.0477552629363625,23.087968073667266,4.105639751399733
39.87045639901294,13.881660155436041,3.5092996745171385,4.045074514879975,3.6265006219113265
299.9982099120424,6.70213837761548,0.9049705880847474,20.901155749458184,1.103941651815321
220.0366717598732,9.720936445304723,0.5923362358940265,34.921409033861664,0.8817954918160863
70.05150830275197,6.1151723604070325,1.3231219209217167,5.083729168660715,1.372165380412772
180.03279808531394,6.235544397811406,0.4154758724766028,18.098417000979186,1.908534256278451
189.92393795391513,10.824182938882165,1.0894890238569714,14.897364521427917,1.9512164835665704
300.05062563798316,14.077853241088341,3.0468502304274065,30.046722787290612,3.113544725121322
230.03236938615785,9.228693540976334,1.9215194336049808,17.869242879694593,1.950043893512682
220.03204784672081,3.5495245455714297,0.6291042259558706,28.05083824905198,1.4745056506171947
320.05588314442065,2.6508385835123214,-0.03328311959464773,35.012729267307705,2.0434562773422025
339.96578524908097,5.026165582447692,1.0197872347195667,4.155756022606239,1.6299036641668185
189.98570857019257,5.162818519730637,0.47852808225513627,11.024174467044583,1.4897847498303203
200.08660151993482,15.452609262685124,1.9091763997316367,2.986420846692693,2.375691637927605
219.890271783484,2.816677638104051,-0.01670383987676003,12.024408924302868,0.8818487470063765
199.91465879502982,7.081441327271511,3.129096220135878,17.949430212145717,3.5131009844501255
29.982985901342552,3.656509400939494,1.006862945344028,1.0105209266415522,0.9273915180910073
49.853655772553054,11.184715772215545,0.937909548410249,4.97866016846821,1.3988907331703713
29.89816713269443,11.25223684338561,1.914605898555693,35.9309915773592,1.9378236469457462
59.8547846517012,6.12553516723506,0.9340389848896944,6.97913732150372,1.447677816416229
40.178755715854294,11.978925073820923,2.058169031343493,3.0201005379960075,1.8148100988191629
90.07552862593943,2.9414747606894682,0.6666036052085127,4.0976718977611615,0.2838938566956385
150.17613581869455,13.39346297176502,1.8862924547563593,9.965843046738197,1.968796258020282
249.970190586904,6.351256080990851,0.8245416251918499,19.95856772104002,1.4945690009120354
140.02735774608087,7.227768503147364,2.0190583806078775,8.955623596069433,1.0684098665960398
200.00584821607058,21.047773635530625,2.9191844523170545,19.00375159171465,3.0319685063706583
79.99363473055631,10.360670496666835,1.2303244700006066,36.01310519639436,0.8902870232785272
70.18174779696224,8.69704384764706,1.3830294654361288,33.98734915334011,2.9908880313050092
160.112876770645,6.617466642612349,1.365726704736608,6.027200441399096,2.9230969469855332
79.88862611226995,10.358781055101653,1.6206686146004774,9.906240435146328,1.9567323380561352
10.089458535001333,8.19730506871947,1.0718562880112517,33.09403334482863,2.1005699535858224
89.87376197542818,10.285289308034155,2.067599357561159,6.019353764420547,1.9406752249138222
170.1950583471727,5.067888731450712,0.8696199860447833,12.946262913017772,1.4674819052964554
209.95133692450614,6.064786690165871,0.5874738090659101,22.948449061500057,0.5572408530937731
179.90605321194553,0.9426644011846076,0.01591100519863071,20.118630796118257,1.4173748777294635
180.00554011961398,9.803840903369506,1.9406422951706659,22.29300472921589,2.5192890436408626
90.03552297912384,5.856104166117917,0.9217910008977549,8.102148173694255,0.9851566880116663
159.9038561472395,14.304433669300138,2.5766656562149266,3.882785216336736,2.4602408866937804
359.94275689701766,5.772430097176995,0.8123645947141652,4.080015784530512,2.0863283275424385
149.8844619089869,10.267912041954236,1.6451093852361152,38.10383288933742,1.7879619846624262
10.068799149451634,5.141458089273013,0.635102555106632,34.00241588519516,1.5078823297729247
240.12576158046815,5.926893209658357,0.6550202481095948,33.118687736103965,1.5829945720546659
120.03687967445973,11.101815807460337,0.9068539050830626,11.844489772102985,1.833771992818359
99.907047682052,3.5656349336609905,0.5844153572149189,26.82631656505629,0.44717261625548277
130.16507374709008,4.107136641631174,0.4666677182438125,4.997786372173267,1.1007331633838084
70.0198673937049,7.74331374042943,0.8408480257959928,5.045150656601928,2.063300903683398
289.92414600362594,7.564237319995617,0.494999194991084,33.9537297616848,1.0159764394699844
174.0881808136796,7.934919987279217,4.05883200155874,2.955575472512233,3.001316068629922
359.99694695148884,8.61864244622021,1.1335746242256768,18.117002107533914,0.9274317270177228
79.92232190221203,6.352729358860144,1.2923473407150012,4.987801132354861,1.4012751133266292
340.03245472527914,6.750517788557932,1.0154283118241507,30.070948599961607,1.986903951931684
139.955947667943,6.121365409460021,1.4221856122936394,11.168926209467786,1.2778755851226598
89.90309496949736,3.129873277354875,0.5684853592786737,4.136092855215781,0.6311526685722392
39.89009206919544,9.795423581642378,1.1583753635523426,25.219186462982748,0.9151467513487215
60.016232891739165,6.733917199879522,0.7262007456607606,36.05635383916733,1.0681889767976727
20.019058838646203,15.474630578717191,3.6740501204881535,6.987764333091836,3.0549847487122115
89.79971413497941,7.22970664021277,0.978852361286007,6.9924891717179944,1.4649789202703838
329.886105264705,4.219698079948266,0.42026621449557633,26.13188327512724,2.594988683186485
